Workbook

Sheet 進捗
A1: タイムレコード 登録・編集機能 進捗
A3: フロー | B3: MVP必須 合格 | C3: MVP必須 総数 | D3: 内容
A4: フロー1 | B4: =COUNTIFS(確認表!B:B,"*1*",確認表!C:C,"MVP必須",確認表!L:L,"合格") | C4: =COUNTIFS(確認表!B:B,"*1*",確認表!C:C,"MVP必須") | D4: 新規登録（手入力モーダル）
A5: フロー2 | B5: =COUNTIFS(確認表!B:B,"*2*",確認表!C:C,"MVP必須",確認表!L:L,"合格") | C5: =COUNTIFS(確認表!B:B,"*2*",確認表!C:C,"MVP必須") | D5: 新規登録（CSVインポート）
A6: フロー3 | B6: =COUNTIFS(確認表!B:B,"*3*",確認表!C:C,"MVP必須",確認表!L:L,"合格") | C6: =COUNTIFS(確認表!B:B,"*3*",確認表!C:C,"MVP必須") | D6: 運用の登録・編集（手入力）
A7: フロー4 | B7: =COUNTIFS(確認表!B:B,"*4*",確認表!C:C,"MVP必須",確認表!L:L,"合格") | C7: =COUNTIFS(確認表!B:B,"*4*",確認表!C:C,"MVP必須") | D7: 運用の登録（CSV）
A9: マイルストーン | B9: MVP必須 合格 | C9: MVP必須 総数 | D9: 完了とみなす条件
A10: M1 配布物とアップロードの入口／手入力の入口 | B10: =COUNTIFS(確認表!D:D,"M1",確認表!C:C,"MVP必須",確認表!L:L,"合格") | C10: =COUNTIFS(確認表!D:D,"M1",確認表!C:C,"MVP必須")
A11: M2 プレビューと判定／登録モーダル | B11: =COUNTIFS(確認表!D:D,"M2",確認表!C:C,"MVP必須",確認表!L:L,"合格") | C11: =COUNTIFS(確認表!D:D,"M2",確認表!C:C,"MVP必須")
A12: M3 実行と完了 | B12: =COUNTIFS(確認表!D:D,"M3",確認表!C:C,"MVP必須",確認表!L:L,"合格") | C12: =COUNTIFS(確認表!D:D,"M3",確認表!C:C,"MVP必須")
A13: M4 書き込みの正しさ | B13: =COUNTIFS(確認表!D:D,"M4",確認表!C:C,"MVP必須",確認表!L:L,"合格") | C13: =COUNTIFS(確認表!D:D,"M4",確認表!C:C,"MVP必須")
A14: M5 運用更新と再取り込み | B14: =COUNTIFS(確認表!D:D,"M5",確認表!C:C,"MVP必須",確認表!L:L,"合格") | C14: =COUNTIFS(確認表!D:D,"M5",確認表!C:C,"MVP必須")
A15: M6 権限と手入力との分担 | B15: =COUNTIFS(確認表!D:D,"M6",確認表!C:C,"MVP必須",確認表!L:L,"合格") | C15: =COUNTIFS(確認表!D:D,"M6",確認表!C:C,"MVP必須")
A17: MVP必須 合計 | B17: =COUNTIFS(確認表!C:C,"MVP必須",確認表!L:L,"合格") | C17: =COUNTIF(確認表!C:C,"MVP必須") | D17: すべて合格でリリース可
A18: リリース必須 合計 | B18: =COUNTIFS(確認表!C:C,"リリース必須",確認表!L:L,"合格") | C18: =COUNTIF(確認表!C:C,"リリース必須") | D18: 不合格は影響を確認して判断
A19: 不合格（全体） | B19: =COUNTIF(確認表!L:L,"不合格") | D19: MVP必須に1件でもあればリリース不可

Sheet 確認表
A1: 条件ID | B1: フロー | C1: MVP区分 | D1: マイルストーン | E1: 満たすべきこと | F1: 実装箇所（画面・機能） | G1: 合致していると言える状態 | H1: 確認方法 | I1: 根拠（検証ID） | J1: 実装状況 | K1: 検証結果 | L1: 判定 | M1: 確認日 | N1: メモ
A2: AC-077 | B2: 2 | C2: MVP必須 | D2: M3 | E2: ①〜⑤を通しで取り込み、打刻を始められる状態になる | F2: 全画面（通し） | G2: 5種別すべてが登録され、招待メールが届き、従業員が打刻画面に到達できる | H2: 動作確認（検証プラン） | I2: OP-620
A3: AC-078 | B3: 2 / 4 | C3: MVP必須 | D3: M1 | E3: 実運用の規模を分割せずに取り込める | F3: アップロード | G3: 分割せずに受理される（④は200行、他は500行の範囲に収まる） | H3: 動作確認（検証プラン） | I3: OP-620 / CA-003
A4: AC-035 | B4: 2 | C4: MVP必須 | D4: M2 | E4: 退職者と同じコードはエラー | F4: プレビュー | G4: 退職者と同じコードの行＝エラー。取り込まれた件数＝0件 | H4: 動作確認（検証プラン） | I4: OP-310
A5: AC-044 | B5: 2 | C5: MVP必須 | D5: M3 | E5: 失敗した行がDBに残らない | F5: 完了 | G5: 部分成功後、失敗した行のレコード数＝0件。失敗行CSVの行数＝失敗件数と一致 | H5: 動作確認＋DB確認 | I5: OP-503
A6: AC-053 | B6: 2 / 4 | C6: MVP必須 | D6: M4 | E6: 昇格で勤務店舗が消えない | F6: 従業員一覧 | G6: 元の2店舗の所属が維持されている／どちらも2店舗のまま。消えず、重複もしない | H6: 動作確認（検証プラン） | I6: OP-607 / CA-061
A7: AC-060 | B7: 3 | C7: MVP必須 | D7: M6 | E7: インポートしたデータを削除できる | F7: 従業員一覧 | G7: 従業員・業態・店舗・雇用区分の4種とも削除できる（削除後の一覧に残る件数＝0件） | H7: 動作確認（検証プラン） | I7: OP-615
A8: AC-061 | B8: 4 | C8: MVP必須 | D8: M5 | E8: スキップで既存が変わらない | F8: プレビュー/完了 | G8: スキップで再取り込み後、既存レコードの変更件数＝0件 | H8: 動作確認（検証プラン） | I8: OP-701
A9: AC-063 | B9: 4 | C9: MVP必須 | D9: M5 | E9: 空欄で既存の値が消えない | F9: 従業員一覧 | G9: 空欄にした列の変更件数＝0件（電話番号が元の値のまま） | H9: 動作確認（検証プラン） | I9: OP-703
A10: AC-055 | B10: 2 / 4 | C10: リリース必須 | D10: M4 | E10: 担当店舗のマージで重複しない | F10: 従業員一覧 | G10: 既に渋谷店を持つ人を渋谷店で昇格 → 担当店舗＝2件のまま（重複＝0件） | H10: 動作確認（検証プラン） | I10: CA-061
A11: AC-062 | B11: 4 | C11: リリース必須 | D11: M5 | E11: 上書き更新で全列が更新される | F11: 従業員一覧 | G11: テンプレートに書いた列がすべて反映される（従業員コードを除く） | H11: 動作確認（検証プラン） | I11: OP-702
A12: AC-023 | B12: 2 | C12: MVP必須 | D12: M2 | E12: エラー行を画面で編集させない | F12: プレビュー | G12: エラー行に編集ボタン＝0個。修正はCSVのみ | H12: 動作確認（検証プラン） | I12: OP-303
A13: AC-024 | B13: 2 | C13: MVP必須 | D13: M2 | E13: エラー行をCSVで取り出せる | F13: プレビュー / 完了 | G13: 元テンプレートと同じ列＋末尾に「エラー理由」列のファイルが落ちる／エラーが解消され、全件が取り込める状態になる／成功7・失敗1と表示される。取り込まなかった2行も表示される。失敗行CSVは1行 | H13: 動作確認（検証プラン） | I13: OP-306 / OP-307 / CA-053
... A89: AC-114 | B89: 2 / 4 | C89: MVP必須 | D89: M2 | E89: セットアップ中に取り込み直せる | F89: プレビュー／アップロード | G89: エラー行を直して再アップロードすると受理され、取り込める（やり直しになった回数＝0回） | H89: 動作確認（検証プラン） | I89: OP-306 / OP-307 / OP-219
